Signo,Área,Emocional,Previsão
Áries,Amor,Feliz,"Seu magnetismo está em alta! Se deseja conquistar alguém, agora é o momento de agir sem medo."
Áries,Amor,Feliz,"A paixão e a intensidade definem essa fase no amor. Use sua energia para fortalecer sua relação."
Áries,Amor,Feliz,"O amor precisa de movimento, e você está no controle. Surpreenda quem ama e mantenha a chama acesa!"
Áries,Amor,Feliz,"Se está solteiro(a), um romance empolgante pode surgir quando menos esperar. Fique atento(a)!"
Áries,Amor,Feliz,"Aventure-se no amor! Novas conexões podem trazer a emoção que você tanto gosta."
Áries,Amor,Feliz,"Se um desafio amoroso surgir, você saberá exatamente como lidar com ele com sua coragem natural."
Áries,Amor,Feliz,"Seu entusiasmo contagia quem está ao seu lado. Aproveite esse momento para criar laços ainda mais fortes."
Áries,Amor,Feliz,"Se sente vontade de dar um passo à frente, faça isso com confiança. O amor favorece os audaciosos."
Áries,Amor,Feliz,"Momento ideal para reacender a paixão e transformar a rotina em algo mais excitante!"
Áries,Amor,Feliz,"Ousadia no amor sempre te leva longe. Se deseja algo, vá atrás sem hesitar!"
Áries,Amor,Normal,"O amor pode estar em uma fase mais tranquila. Se sente falta de emoção, tome a iniciativa para mudar isso."
Áries,Amor,Normal,"Às vezes, dar um passo atrás para avaliar os sentimentos pode ser a melhor estratégia."
Áries,Amor,Normal,"Nem tudo precisa acontecer rapidamente. Às vezes, o amor cresce no seu próprio ritmo."
Áries,Amor,Normal,"Se sente que as coisas esfriaram, um gesto inesperado pode reacender a chama da relação."
Áries,Amor,Normal,"O equilíbrio entre intensidade e paciência pode ser o segredo para um amor mais duradouro."
Áries,Amor,Normal,"Se a rotina está monótona, pense em algo novo para trazer mais emoção ao seu relacionamento."
Áries,Amor,Normal,"Se tem dúvidas no amor, o melhor caminho sempre será a ação. Busque respostas em atitudes, não só em palavras."
Áries,Amor,Normal,"Não precisa ter todas as respostas agora. O amor também precisa de espaço para se desenvolver naturalmente."
Áries,Amor,Normal,"Se está esperando uma atitude do outro lado, talvez seja hora de tomar a iniciativa e mostrar o que quer."
Áries,Amor,Normal,"Você gosta de desafios no amor, mas nem sempre tudo precisa ser uma batalha. Aproveite a leveza também."
Áries,Amor,Triste,"Se o amor está complicado, talvez seja hora de decidir se vale a pena insistir ou partir para algo novo."
Áries,Amor,Triste,"Evite explosões emocionais. Antes de agir, respire fundo e reflita sobre o que realmente quer."
Áries,Amor,Triste,"A impaciência pode estar atrapalhando. Algumas respostas no amor levam mais tempo do que você gostaria."
Áries,Amor,Triste,"Se algo não está fluindo, talvez seja porque você está se forçando a permanecer onde não deveria."
Áries,Amor,Triste,"Nem toda batalha vale a pena ser travada. Escolha bem onde investir sua energia emocional."
Áries,Amor,Triste,"Se sente que algo não está certo, confie em sua intuição e tome a iniciativa para esclarecer a situação."
Áries,Amor,Triste,"O amor deve ser empolgante, não desgastante. Se algo está te drenando, pode ser hora de uma mudança."
Áries,Amor,Triste,"Evite atitudes impulsivas no calor do momento. Palavras ditas sem pensar podem ter consequências."
Áries,Amor,Triste,"O desafio agora é controlar sua ansiedade. Nem tudo precisa ser resolvido imediatamente."
Áries,Amor,Triste,"Se um ciclo precisa se encerrar, tenha coragem de seguir em frente e buscar algo que te faça vibrar novamente."
Áries,Carreira,Feliz,"Momento de liderança! Sua determinação pode abrir portas para grandes oportunidades."
Áries,Carreira,Feliz,"Seu espírito competitivo está te impulsionando para o sucesso. Continue nesse ritmo!"
Áries,Carreira,Feliz,"Oportunidades surgirão para quem está disposto(a) a correr riscos. Agora é sua chance!"
Áries,Carreira,Feliz,"A energia que você coloca no trabalho será recompensada. Continue agindo com confiança."
Áries,Carreira,Feliz,"Se deseja crescimento, tome a frente e mostre suas ideias. A iniciativa será valorizada."
Áries,Carreira,Feliz,"O trabalho duro traz resultados, e você está prestes a ver os frutos do seu esforço."
Áries,Carreira,Feliz,"Se sente vontade de mudar algo, vá atrás. Sua coragem te guiará pelo melhor caminho."
Áries,Carreira,Feliz,"Momento ideal para assumir desafios e mostrar sua capacidade de resolver problemas rapidamente."
Áries,Carreira,Feliz,"Se deseja ser reconhecido(a), tome atitudes que provem sua determinação e proatividade."
Áries,Carreira,Feliz,"Seus projetos estão ganhando força. Aproveite essa fase para se destacar ainda mais!"
Áries,Carreira,Normal,"O ritmo do trabalho pode parecer estável demais para você. Se sente falta de desafio, busque algo que reacenda sua motivação."
Áries,Carreira,Normal,"Nem sempre as mudanças acontecem na velocidade que você gostaria. A paciência pode ser necessária agora."
Áries,Carreira,Normal,"Se está esperando reconhecimento, talvez precise ser mais direto(a) sobre suas conquistas e ambições."
Áries,Carreira,Normal,"Se sente que está estagnado(a), tente enxergar o que pode ser ajustado antes de tomar grandes decisões."
Áries,Carreira,Normal,"A estabilidade pode ser útil, mas será que você não está se acomodando? Avalie se é hora de agir."
Áries,Carreira,Normal,"A impulsividade pode te levar a buscar mudanças sem necessidade. Analise se realmente precisa de algo novo ou se é só impaciência."
Áries,Carreira,Normal,"Se está esperando uma resposta ou oportunidade, use esse tempo para se preparar melhor para o próximo passo."
Áries,Carreira,Normal,"Evite conflitos desnecessários. Nem tudo precisa ser uma disputa para ser resolvido."
Áries,Carreira,Normal,"Se sente que sua energia está baixa, tente recuperar a motivação ajustando sua rotina e buscando desafios menores."
Áries,Carreira,Normal,"O tédio pode estar atrapalhando seu desempenho. Pequenas mudanças no dia a dia podem trazer mais empolgação."
Áries,Carreira,Triste,"O excesso de frustração pode estar te fazendo perder o foco. Respire fundo antes de tomar decisões drásticas."
Áries,Carreira,Triste,"Se sente desmotivado(a), talvez seja porque seu trabalho não está te desafiando como gostaria. Pense no que pode mudar."
Áries,Carreira,Triste,"Evite agir por impulso diante de dificuldades. Uma decisão precipitada pode trazer consequências indesejadas."
Áries,Carreira,Triste,"Se as coisas não estão fluindo como deseja, talvez seja hora de reavaliar sua estratégia em vez de apenas insistir."
Áries,Carreira,Triste,"Se sente sobrecarregado(a), tente dividir tarefas ou organizar melhor suas prioridades antes que o estresse tome conta."
Áries,Carreira,Triste,"Se a impaciência está te dominando, tente encontrar formas produtivas de canalizar essa energia em vez de se frustrar."
Áries,Carreira,Triste,"O reconhecimento pode demorar mais do que você gostaria, mas isso não significa que seu esforço seja em vão."
Áries,Carreira,Triste,"Conflitos podem surgir, mas escolha suas batalhas com sabedoria. Nem toda discussão vale a pena."
Áries,Carreira,Triste,"Se a rotina está te sufocando, talvez seja hora de buscar um novo desafio, mas sem agir de forma impulsiva."
Áries,Carreira,Triste,"A raiva ou a impaciência podem estar te afastando de boas oportunidades. Tente manter o equilíbrio e evitar explosões emocionais."
Áries,Saúde,Feliz,"Seu corpo e mente estão alinhados! Mantenha-se em movimento para canalizar sua energia."
Áries,Saúde,Feliz,"Atividades físicas intensas podem ser uma ótima saída para liberar sua energia acumulada."
Áries,Saúde,Feliz,"A vitalidade está em alta! Aproveite para explorar novos desafios físicos."
Áries,Saúde,Feliz,"O autocuidado é tão importante quanto a ação. Tire um tempo para relaxar e recuperar forças."
Áries,Saúde,Feliz,"Mantenha-se ativo(a) e em movimento. Seu corpo responde melhor quando está em ação!"
Áries,Saúde,Feliz,"Se deseja mudar algo na sua rotina de saúde, agora é o momento perfeito para começar."
Áries,Saúde,Feliz,"A adrenalina te motiva! Busque atividades que desafiem seu corpo e sua mente."
Áries,Saúde,Feliz,"A disciplina pode ser um desafio, mas manter uma rotina saudável trará ótimos resultados."
Áries,Saúde,Feliz,"Seus níveis de energia estão ótimos! Apenas lembre-se de não exagerar e respeitar seus limites."
Áries,Saúde,Feliz,"O bem-estar vem da ação! Quanto mais você se movimentar, melhor se sentirá."
Áries,Saúde,Normal,"Seu corpo está respondendo bem, mas talvez seja hora de revisar sua rotina para evitar quedas de energia."
Áries,Saúde,Normal,"A energia pode estar variando. Se sente oscilações, tente equilibrar melhor descanso e atividade."
Áries,Saúde,Normal,"Você gosta de desafios físicos, mas não exagere. Seu corpo precisa de recuperação tanto quanto de movimento."
Áries,Saúde,Normal,"Se sente que sua disposição caiu um pouco, avalie se sua alimentação e sono estão adequados."
Áries,Saúde,Normal,"Manter-se em movimento é essencial para você, mas respeite os sinais do seu corpo quando precisar desacelerar."
Áries,Saúde,Normal,"O cansaço mental pode estar te afetando mais do que imagina. Busque formas de aliviar o estresse."
Áries,Saúde,Normal,"Mantenha-se ativo(a), mas evite treinos ou atividades intensas demais se estiver se sentindo sem energia."
Áries,Saúde,Normal,"Se sente que precisa de um novo estímulo para a saúde, experimente uma nova prática física ou mental."
Áries,Saúde,Normal,"Seus hábitos estão equilibrados, mas talvez uma mudança pequena possa trazer mais vitalidade."
Áries,Saúde,Normal,"Nem sempre seu corpo acompanha sua mente acelerada. Respeite seu ritmo e evite sobrecarga."
Áries,Saúde,Triste,"Se sente esgotado(a), talvez seja um sinal de que precisa desacelerar e respeitar seus limites."
Áries,Saúde,Triste,"A impulsividade pode levar a exageros. Evite sobrecarregar seu corpo e causar lesões ou esgotamento."
Áries,Saúde,Triste,"O estresse e a irritação podem estar afetando sua saúde física. Busque atividades que ajudem a relaxar."
Áries,Saúde,Triste,"Se a falta de energia persiste, pode ser hora de rever sua alimentação e rotina de descanso."
Áries,Saúde,Triste,"Se está lidando com dores ou desconfortos frequentes, não ignore os sinais do seu corpo."
Áries,Saúde,Triste,"Evite atitudes extremas na busca pelo bem-estar. O equilíbrio é a chave para uma saúde duradoura."
Áries,Saúde,Triste,"Se sua mente está inquieta, tente canalizar essa energia em algo produtivo para evitar sobrecarga emocional."
Áries,Saúde,Triste,"A insônia ou o sono irregular podem estar prejudicando sua recuperação. Cuide melhor do seu descanso."
Áries,Saúde,Triste,"Se sente exausto(a), tente reduzir o ritmo. Seu corpo precisa tanto de recuperação quanto de ação."
Áries,Saúde,Triste,"Se algo está te incomodando fisicamente, procure ajuda profissional em vez de insistir no desgaste."
Áries,Espiritualidade,Feliz,"Sua intuição está afiada! Siga seus instintos e confie na sua força interior."
Áries,Espiritualidade,Feliz,"Momento ideal para se conectar com sua espiritualidade através da ação e da experiência."
Áries,Espiritualidade,Feliz,"Desafios espirituais podem te fortalecer ainda mais. Encare-os como oportunidades de evolução."
Áries,Espiritualidade,Feliz,"Você encontra conexão espiritual quando se permite viver intensamente cada momento."
Áries,Espiritualidade,Feliz,"Busque a espiritualidade em movimento: esportes, viagens e desafios podem ser formas de conexão."
Áries,Espiritualidade,Feliz,"A fé vem da ação! Faça algo que te inspire e te aproxime do que acredita."
Áries,Espiritualidade,Feliz,"Se sente chamado(a) para algo maior? Confie no seu instinto e vá em frente!"
Áries,Espiritualidade,Feliz,"Se sua mente está inquieta, meditação dinâmica ou práticas ativas podem ser mais eficazes para você."
Áries,Espiritualidade,Feliz,"Desafios fazem parte do crescimento. Sua força espiritual vem de superá-los com coragem."
Áries,Espiritualidade,Feliz,"Se permita viver sua espiritualidade com liberdade. Seu caminho é único!"
Áries,Espiritualidade,Normal,"A sua conexão espiritual pode estar oscilando. Se sente falta de algo, busque uma prática que te energize."
Áries,Espiritualidade,Normal,"O caminho espiritual nem sempre precisa ser intenso. Permita-se momentos de reflexão sem pressa."
Áries,Espiritualidade,Normal,"Se sente que sua fé está morna, tente explorar novas formas de se conectar com o que acredita."
Áries,Espiritualidade,Normal,"Às vezes, a espiritualidade acontece na ação, e não apenas na introspecção. Movimente-se para encontrar respostas."
Áries,Espiritualidade,Normal,"Seu espírito busca desafios. Experimente uma nova abordagem espiritual que te traga motivação."
Áries,Espiritualidade,Normal,"Se sente que sua mente está inquieta, tente canalizar essa energia para algo produtivo e inspirador."
Áries,Espiritualidade,Normal,"A paciência nem sempre é sua melhor qualidade, mas algumas respostas espirituais precisam de tempo para chegar."
Áries,Espiritualidade,Normal,"A sua força interior está presente, mas talvez você precise direcioná-la com mais clareza."
Áries,Espiritualidade,Normal,"A busca por sentido pode parecer sem respostas agora, mas continue explorando novas perspectivas."
Áries,Espiritualidade,Normal,"Se sente que precisa de mais conexão, tente equilibrar momentos de ação com momentos de introspecção."
Áries,Espiritualidade,Triste,"Se sente desconectado(a), talvez seja porque está buscando respostas fora, quando elas estão dentro de você."
Áries,Espiritualidade,Triste,"A impaciência pode estar te afastando do seu crescimento espiritual. Nem tudo acontece no seu ritmo."
Áries,Espiritualidade,Triste,"O mundo pode parecer caótico, mas sua força interior pode ser a âncora que te mantém firme."
Áries,Espiritualidade,Triste,"Se sente perdido(a), tente não lutar contra isso. Às vezes, estar perdido é parte do caminho."
Áries,Espiritualidade,Triste,"A raiva ou frustração podem estar bloqueando sua conexão espiritual. Encontre uma forma de liberar essa energia."
Áries,Espiritualidade,Triste,"Se sente que a espiritualidade não faz sentido agora, tente observar pequenos sinais no seu dia a dia."
Áries,Espiritualidade,Triste,"Seu espírito precisa de desafios, mas também de descanso. Não se cobre tanto por não ter todas as respostas."
Áries,Espiritualidade,Triste,"Se está questionando suas crenças, esse pode ser um sinal de evolução. Permita-se explorar novas ideias."
Áries,Espiritualidade,Triste,"A sua força vem da ação, mas às vezes o silêncio também é necessário para se reconectar consigo mesmo(a)."
Áries,Espiritualidade,Triste,"A vida espiritual não precisa ser uma batalha constante. Tente encontrar uma abordagem mais leve para sua jornada."
Touro,Amor,Feliz,"Seu coração está em um momento de estabilidade e segurança. Aproveite essa fase para fortalecer laços duradouros."
Touro,Amor,Feliz,"O amor precisa de dedicação, e você está no caminho certo. Seu carinho e lealdade são recompensados."
Touro,Amor,Feliz,"Seu charme natural está em evidência. Se está solteiro(a), alguém especial pode surgir de forma inesperada."
Touro,Amor,Feliz,"Os pequenos gestos fazem toda a diferença. Sua paciência e constância fortalecem seus relacionamentos."
Touro,Amor,Feliz,"Se já tem alguém especial, aproveite para criar momentos de conforto e conexão profunda."
Touro,Amor,Feliz,"O amor verdadeiro é construído com calma, e você sabe como criar bases sólidas para isso."
Touro,Amor,Feliz,"Um jantar especial, um presente simbólico ou um abraço apertado podem reforçar laços importantes."
Touro,Amor,Feliz,"Se sente que encontrou alguém com valores alinhados aos seus, esse é um ótimo momento para investir no futuro."
Touro,Amor,Feliz,"Seu magnetismo natural atrai pessoas que buscam lealdade e segurança no amor, exatamente como você deseja."
Touro,Amor,Feliz,"Momentos de paz e harmonia fortalecem sua vida amorosa. Aproveite para curtir a simplicidade do amor verdadeiro."
Touro,Amor,Normal,"Você valoriza estabilidade no amor, mas talvez precise avaliar se está realmente feliz na situação atual."
Touro,Amor,Normal,"O momento pede paciência. Nem tudo precisa ser resolvido de imediato, deixe as coisas fluírem naturalmente."
Touro,Amor,Normal,"Se sente que a relação caiu na rotina, tente trazer pequenas novidades para reacender a conexão."
Touro,Amor,Normal,"O amor é um investimento a longo prazo, e você sabe disso. Reflita se está plantando o que deseja colher."
Touro,Amor,Normal,"Se está esperando por alguém que corresponda ao seu ritmo e valores, talvez seja a hora de observar ao redor."
Touro,Amor,Normal,"Seja paciente consigo mesmo. O coração precisa de tempo para se adaptar às mudanças."
Touro,Amor,Normal,"O que parece morno agora pode se transformar com o tempo. Dê espaço para as emoções crescerem."
Touro,Amor,Normal,"Se sente dúvidas sobre o relacionamento, reflita sobre o que realmente importa para você."
Touro,Amor,Normal,"O amor precisa de segurança, mas também de movimento. Será que você está preso(a) na zona de conforto?"
Touro,Amor,Normal,"Seus sentimentos podem estar mais introspectivos agora. Dê tempo ao tempo antes de tomar grandes decisões."
Touro,Amor,Triste,"O amor deve ser um refúgio, não uma preocupação constante. Se algo te incomoda, talvez seja hora de reavaliar."
Touro,Amor,Triste,"Se sente que está dando mais do que recebe, lembre-se de que equilíbrio é essencial para um relacionamento saudável."
Touro,Amor,Triste,"Seu coração pede estabilidade, mas talvez seja necessário deixar algo ir para que algo melhor chegue."
Touro,Amor,Triste,"Se está se sentindo inseguro(a), busque o diálogo antes de tomar decisões definitivas."
Touro,Amor,Triste,"Os momentos difíceis também ensinam. O que essa situação está tentando te mostrar?"
Touro,Amor,Triste,"Se o amor não está te trazendo paz, pode ser hora de reavaliar se essa relação ainda faz sentido para você."
Touro,Amor,Triste,"A estabilidade é importante, mas não às custas da sua felicidade. Não tenha medo de buscar o que realmente te faz bem."
Touro,Amor,Triste,"Se sente que a relação está desgastada, talvez precise de uma conversa sincera para esclarecer os sentimentos."
Touro,Amor,Triste,"Não deixe que o medo de mudanças te prenda a algo que não te faz feliz. Você merece um amor verdadeiro."
Touro,Amor,Triste,"Cuide do seu coração com o mesmo carinho que você cuida dos outros. Sua felicidade também importa."
Touro,Carreira,Feliz,"Seu esforço contínuo está começando a dar resultados. Continue focado(a) e colherá grandes frutos."
Touro,Carreira,Feliz,"Seu trabalho duro está sendo notado. Se busca reconhecimento, esse pode ser o momento certo."
Touro,Carreira,Feliz,"A estabilidade profissional que você tanto valoriza está se consolidando. Aproveite!"
Touro,Carreira,Feliz,"Momento ideal para planejar o futuro com segurança e solidez. Sua paciência trará recompensas."
Touro,Carreira,Feliz,"Se deseja investir em algo novo, faça isso com planejamento. Seu perfil prático garantirá bons resultados."
Touro,Carreira,Feliz,"Seu comprometimento inspira confiança. Pessoas importantes podem querer trabalhar mais perto de você."
Touro,Carreira,Feliz,"Seus talentos estão sendo reconhecidos. Uma promoção ou uma oportunidade pode estar a caminho."
Touro,Carreira,Feliz,"Agora é o momento de fortalecer sua posição. Mantenha sua constância e disciplina."
Touro,Carreira,Feliz,"O equilíbrio entre paciência e ação será essencial para manter seu crescimento profissional."
Touro,Carreira,Feliz,"Oportunidades surgem para quem constrói bases sólidas. Você está no caminho certo!"
Touro,Carreira,Normal,"Nem sempre o crescimento vem de grandes mudanças. Pequenos ajustes na rotina podem fazer a diferença."
Touro,Carreira,Normal,"Se sente que está parado(a), talvez precise revisar seus objetivos para encontrar novas motivações."
Touro,Carreira,Normal,"A rotina pode estar monótona, mas isso não significa que você não esteja avançando. Confie no processo."
Touro,Carreira,Normal,"Seus esforços precisam de tempo para render frutos. Tenha paciência e continue no caminho certo."
Touro,Carreira,Normal,"Avalie se está realmente satisfeito(a) ou apenas se acomodando por segurança. Equilíbrio é essencial."
Touro,Carreira,Normal,"Evite pressa para tomar grandes decisões. Tudo tem seu tempo certo para acontecer."
Touro,Carreira,Normal,"Mantenha-se atento(a) a novas oportunidades, mesmo que agora não pareça o momento ideal para mudanças."
Touro,Carreira,Normal,"Um pequeno ajuste pode melhorar muito sua produtividade. Observe onde pode otimizar sua rotina."
Touro,Carreira,Normal,"O trabalho segue seu fluxo normal. Apenas evite procrastinar projetos importantes."
Touro,Carreira,Normal,"O ritmo está estável, mas talvez seja um bom momento para refletir sobre seus próximos passos."
Touro,Carreira,Triste,"Se sente sobrecarregado(a), tente organizar melhor sua rotina. Seu bem-estar é prioridade."
Touro,Carreira,Triste,"Se não se sente valorizado(a), talvez seja hora de repensar se esse ambiente profissional ainda te faz bem."
Touro,Carreira,Triste,"Seu desejo por segurança pode estar te impedindo de buscar novas oportunidades. Reflita sobre isso."
Touro,Carreira,Triste,"A falta de reconhecimento pode ser frustrante, mas seu esforço não é em vão. Persista."
Touro,Carreira,Triste,"Se sente preso(a) em um ciclo repetitivo, tente buscar novas formas de se motivar."
Touro,Carreira,Triste,"Se algo não está funcionando, mude a abordagem. Insistir no mesmo erro pode gerar desgaste desnecessário."
Touro,Carreira,Triste,"Problemas podem estar pesando mais do que deveriam. Tente focar no que está sob seu controle."
Touro,Carreira,Triste,"A paciência é uma virtude, mas não se acomode em situações que não te fazem crescer."
Touro,Carreira,Triste,"Seu trabalho merece reconhecimento. Se não está recebendo, talvez seja hora de se posicionar."
Touro,Carreira,Triste,"O desânimo pode estar afetando sua produtividade. Tire um momento para reavaliar seus objetivos."
Touro,Saúde,Feliz,"Seu corpo responde bem aos cuidados diários. Mantenha sua rotina saudável."
Touro,Saúde,Feliz,"A estabilidade emocional reflete diretamente na sua saúde. Continue cultivando esse equilíbrio."
Touro,Saúde,Feliz,"Uma alimentação nutritiva e um bom descanso são seus maiores aliados. Você está no caminho certo."
Touro,Saúde,Feliz,"Momento ideal para fortalecer o corpo e a mente. Se deseja começar algo novo, esse é o momento."
Touro,Saúde,Feliz,"Seu bem-estar está em alta! Continue com hábitos saudáveis e verá os benefícios a longo prazo."
Touro,Saúde,Feliz,"Seus níveis de energia estão bons. Use isso para manter uma rotina equilibrada."
Touro,Saúde,Feliz,"O autocuidado deve ser uma prioridade. Pequenas ações diárias fazem toda a diferença."
Touro,Saúde,Feliz,"Seu corpo está em sintonia com sua mente. Aproveite essa harmonia para melhorar ainda mais sua saúde."
Touro,Saúde,Feliz,"Se sente bem, é porque tem se cuidado. Continue investindo no seu bem-estar."
Touro,Saúde,Feliz,"Boas energias fluem dentro de você. Use essa força para espalhar positividade."
Touro,Saúde,Normal,"O ritmo da sua saúde está estável, mas pequenos ajustes podem melhorar seu bem-estar."
Touro,Saúde,Normal,"Se sente oscilação na sua energia, pode ser um bom momento para revisar hábitos diários."
Touro,Saúde,Normal,"Mantenha-se atento(a) aos sinais do seu corpo. Ele sempre indica o que precisa ser ajustado."
Touro,Saúde,Normal,"Equilíbrio é fundamental. Nem sempre você precisa se cobrar tanto, respeite seu ritmo."
Touro,Saúde,Normal,"Se sente cansaço frequente, tente analisar sua alimentação e rotina de sono."
Touro,Saúde,Normal,"Nem tudo precisa ser perfeito. Pequenos cuidados já fazem uma grande diferença."
Touro,Saúde,Normal,"Seu corpo precisa de manutenção constante. Dê atenção a pequenas mudanças no seu bem-estar."
Touro,Saúde,Normal,"Se sua motivação para se cuidar está baixa, tente encontrar novas formas de se manter ativo(a)."
Touro,Saúde,Normal,"Saúde não é apenas física. Sua mente também precisa de atenção e descanso."
Touro,Saúde,Normal,"Uma pausa pode ser necessária. Seu corpo e mente vão agradecer."
Touro,Saúde,Triste,"O corpo dá sinais quando algo não está certo. Não ignore pequenos desconfortos."
Touro,Saúde,Triste,"Se sente esgotado(a), respeite seu ritmo e evite se cobrar excessivamente."
Touro,Saúde,Triste,"A sobrecarga emocional pode estar afetando sua saúde. Busque equilíbrio."
Touro,Saúde,Triste,"Nem sempre conseguimos manter uma rotina perfeita, e tudo bem. O importante é se recuperar."
Touro,Saúde,Triste,"O estresse pode estar impactando seu bem-estar. Tire um tempo para relaxar."
Touro,Saúde,Triste,"Seu corpo precisa de mais atenção. Pequenas mudanças podem evitar problemas futuros."
Touro,Saúde,Triste,"A pressão externa pode estar te afetando mais do que imagina. Cuide da sua mente."
Touro,Saúde,Triste,"Se tem algo incomodando há um tempo, talvez seja o momento de buscar um profissional."
Touro,Saúde,Triste,"Evite excessos. Um equilíbrio entre disciplina e prazer é essencial para sua saúde."
Touro,Saúde,Triste,"Cuidado com hábitos que possam estar prejudicando sua energia e disposição."
Touro,Espiritualidade,Feliz,"Seu espírito está em equilíbrio, trazendo paz e segurança interior. Continue cultivando essa harmonia."
Touro,Espiritualidade,Feliz,"As práticas espirituais que te trazem conforto são a chave para manter sua energia fortalecida."
Touro,Espiritualidade,Feliz,"O que você plantou em sua jornada espiritual está florescendo. A conexão com o universo está forte."
Touro,Espiritualidade,Feliz,"A espiritualidade é um porto seguro para você. Use esse momento para aprofundar sua conexão interior."
Touro,Espiritualidade,Feliz,"Momento ideal para agradecer pelas conquistas e fortalecer ainda mais sua fé."
Touro,Espiritualidade,Feliz,"Sua energia está estável e isso reflete em todas as áreas da sua vida. Continue cultivando essa vibração."
Touro,Espiritualidade,Feliz,"Você sabe que o crescimento espiritual acontece no seu tempo. Respeite seu processo e siga em frente."
Touro,Espiritualidade,Feliz,"O contato com a natureza pode renovar suas forças espirituais. Aproveite para se conectar com o essencial."
Touro,Espiritualidade,Feliz,"Suas crenças te fortalecem e te dão segurança. Use essa força para superar qualquer obstáculo."
Touro,Espiritualidade,Feliz,"O equilíbrio entre corpo, mente e espírito está em sintonia. Aproveite essa fase de plenitude."
Touro,Espiritualidade,Normal,"Sua conexão espiritual está presente, mas talvez precise de mais atenção para se fortalecer."
Touro,Espiritualidade,Normal,"Se sente que algo está faltando, experimente novas práticas que ressoem com sua essência."
Touro,Espiritualidade,Normal,"O crescimento espiritual acontece de forma lenta e constante. Não tenha pressa para encontrar respostas."
Touro,Espiritualidade,Normal,"Se sua fé parece instável, tente retomar hábitos que te tragam segurança interior."
Touro,Espiritualidade,Normal,"O universo sempre traz sinais, mas nem sempre no nosso tempo. Confie no processo."
Touro,Espiritualidade,Normal,"Se há dúvidas espirituais, busque conhecimento e reflexão. Você encontrará as respostas."
Touro,Espiritualidade,Normal,"A disciplina é sua aliada no caminho espiritual. Pequenos rituais podem te ajudar a se sentir mais conectado(a)."
Touro,Espiritualidade,Normal,"O contato com aquilo que te traz paz pode renovar sua energia. Busque momentos de introspecção."
Touro,Espiritualidade,Normal,"A paciência é essencial para o desenvolvimento espiritual. Nem tudo precisa de uma resposta imediata."
Touro,Espiritualidade,Normal,"Você pode estar buscando certezas, mas a espiritualidade também é sobre aceitar o desconhecido."
Touro,Espiritualidade,Triste,"Se sente desconectado(a) espiritualmente, tente voltar ao básico e se reconectar com sua essência."
Touro,Espiritualidade,Triste,"O cansaço emocional pode estar afetando sua energia espiritual. Tire um tempo para se reequilibrar."
Touro,Espiritualidade,Triste,"Se sente perdido(a), tente buscar conforto naquilo que já te trouxe paz no passado."
Touro,Espiritualidade,Triste,"Os desafios podem parecer pesados agora, mas sua força interior é maior do que imagina."
Touro,Espiritualidade,Triste,"Se a fé parece abalada, lembre-se de que tudo passa. O momento difícil logo será superado."
Touro,Espiritualidade,Triste,"Seus pensamentos podem estar confusos, mas isso faz parte do crescimento espiritual. Não desista da sua jornada."
Touro,Espiritualidade,Triste,"Se o mundo exterior está caótico, busque refúgio dentro de si. Você tem mais força do que imagina."
Touro,Espiritualidade,Triste,"Evite se isolar completamente. Buscar apoio pode ajudar a restaurar sua paz interior."
Touro,Espiritualidade,Triste,"Se sente que perdeu sua conexão espiritual, comece aos poucos. Pequenos rituais podem te ajudar a retomá-la."
Touro,Espiritualidade,Triste,"Momentos de dúvidas fazem parte da jornada espiritual. Confie que a clareza virá com o tempo."
Câncer,Amor,Feliz,"O amor está trazendo conforto e segurança ao seu coração. Aproveite essa fase para fortalecer laços."
Câncer,Amor,Feliz,"Seu romantismo e carinho estão mais fortes do que nunca. Use isso para criar momentos especiais."
Câncer,Amor,Feliz,"Se está em um relacionamento, esse é um ótimo momento para se abrir e demonstrar seus sentimentos."
Câncer,Amor,Feliz,"Você está irradiando amor e atraindo conexões verdadeiras. Seja receptivo(a) às novas oportunidades."
Câncer,Amor,Feliz,"A sintonia entre você e quem ama está em harmonia. Aproveite essa energia para criar lembranças inesquecíveis."
Câncer,Amor,Feliz,"Seus sentimentos são profundos e sinceros. Esse é um bom momento para expressá-los sem medo."
Câncer,Amor,Feliz,"Um gesto de carinho pode fortalecer ainda mais o vínculo com quem está ao seu lado."
Câncer,Amor,Feliz,"O amor precisa de cuidado e você sabe como nutrir quem ama. Esse carinho será retribuído."
Câncer,Amor,Feliz,"Se está solteiro(a), uma conexão especial pode surgir através de alguém que compartilha seus valores."
Câncer,Amor,Feliz,"Momentos de aconchego e cumplicidade farão toda a diferença para fortalecer seu coração."
Câncer,Amor,Normal,"Seus sentimentos podem estar confusos agora. Tire um tempo para entender o que realmente deseja."
Câncer,Amor,Normal,"Nem sempre o amor acontece na intensidade que você gostaria. Seja paciente com o tempo das relações."
Câncer,Amor,Normal,"Se sente que algo está diferente, talvez seja hora de conversar e alinhar expectativas com quem ama."
Câncer,Amor,Normal,"Seu coração busca segurança, mas é importante lembrar que o amor também precisa de leveza."
Câncer,Amor,Normal,"Se está solteiro(a), avalie se está realmente aberto(a) para novas experiências ou se ainda precisa de um tempo para si."
Câncer,Amor,Normal,"Se algo no amor não está tão vibrante, pequenos gestos podem reacender a conexão."
Câncer,Amor,Normal,"Não se prenda ao passado. Permita-se enxergar o amor com uma nova perspectiva."
Câncer,Amor,Normal,"O amor pode estar ao seu redor, mas talvez você esteja tão focado(a) no que foi que não veja o que está por vir."
Câncer,Amor,Normal,"O equilíbrio entre dar e receber carinho pode ser essencial para evitar desgastes emocionais."
Câncer,Amor,Normal,"Se a rotina está afetando sua relação, tente trazer mais momentos de afeto para reacender a chama."
Câncer,Amor,Triste,"Se sente que está se doando mais do que recebe, talvez seja hora de reavaliar suas relações."
Câncer,Amor,Triste,"O passado pode estar pesando em seu coração. Liberte-se do que já passou para abrir espaço para o novo."
Câncer,Amor,Triste,"A insegurança pode estar te afastando de quem ama. Converse abertamente e evite criar barreiras desnecessárias."
Câncer,Amor,Triste,"Se está se sentindo carente, lembre-se de que o amor começa dentro de você. Cuide do seu bem-estar emocional."
Câncer,Amor,Triste,"O medo da rejeição pode estar impedindo que você viva novas experiências no amor."
Câncer,Amor,Triste,"Se sente que alguém está distante, não crie histórias na sua cabeça. O diálogo sempre será a melhor opção."
Câncer,Amor,Triste,"Seu coração é sensível e isso é uma qualidade. Mas tome cuidado para não carregar dores que não são suas."
Câncer,Amor,Triste,"Se a relação está desgastada, tente identificar se é apenas uma fase ou se algo realmente precisa mudar."
Câncer,Amor,Triste,"Evite criar expectativas altas demais. O amor verdadeiro é construído com o tempo e não apenas com sentimentos intensos."
Câncer,Amor,Triste,"Se está se sentindo sozinho(a), busque apoio em pessoas queridas. O amor está presente de muitas formas."
Câncer,Carreira,Feliz,"Seu esforço está sendo reconhecido! Continue dando o seu melhor e colherá bons frutos."
Câncer,Carreira,Feliz,"O ambiente profissional está favorável para você. Aproveite para consolidar sua posição e fortalecer laços."
Câncer,Carreira,Feliz,"A estabilidade que você deseja está cada vez mais próxima. Seu comprometimento é a chave para isso."
Câncer,Carreira,Feliz,"Seu lado intuitivo está forte. Confie no seu instinto ao tomar decisões importantes no trabalho."
Câncer,Carreira,Feliz,"Seus colegas valorizam seu apoio e dedicação. Sua presença faz a diferença no ambiente profissional."
Câncer,Carreira,Feliz,"Momento ideal para assumir um novo projeto ou se destacar em algo que já domina."
Câncer,Carreira,Feliz,"Se sente confortável no trabalho, aproveite para fortalecer ainda mais sua posição e reconhecimento."
Câncer,Carreira,Feliz,"Seu comprometimento e lealdade te colocam em posição de destaque. Continue confiando no seu potencial."
Câncer,Carreira,Feliz,"Oportunidades podem surgir através de pessoas que confiam em você. Esteja aberto(a) para novas possibilidades."
Câncer,Carreira,Feliz,"O equilíbrio entre dedicação e descanso será essencial para manter sua produtividade em alta."
Câncer,Carreira,Normal,"Se sente estagnado(a) na carreira, talvez seja um sinal para reavaliar seus objetivos e buscar novas motivações."
Câncer,Carreira,Normal,"Seu lado emocional pode estar influenciando suas decisões profissionais. Tente manter o equilíbrio antes de agir."
Câncer,Carreira,Normal,"O trabalho pode estar estável, mas será que você está realmente satisfeito(a)? Reflita sobre suas expectativas."
Câncer,Carreira,Normal,"Momentos de reflexão podem te ajudar a enxergar novos caminhos na sua trajetória profissional."
Câncer,Carreira,Normal,"Se sente que precisa de mais reconhecimento, talvez seja hora de se posicionar com mais confiança."
Câncer,Carreira,Normal,"O seu lado cuidadoso pode estar te levando a carregar mais responsabilidades do que deveria."
Câncer,Carreira,Normal,"Se a rotina parece monótona, tente encontrar pequenas mudanças que tornem seu trabalho mais interessante."
Câncer,Carreira,Normal,"Nem sempre é preciso mudar tudo para encontrar motivação. Pequenas conquistas podem reacender sua paixão pelo que faz."
Câncer,Carreira,Normal,"Se está em dúvida sobre um novo caminho, sua intuição pode ser uma grande aliada na tomada de decisão."
Câncer,Carreira,Normal,"Busque equilibrar sua necessidade de segurança com a vontade de explorar novas possibilidades na carreira."
Câncer,Carreira,Triste,"Se sente desmotivado(a), tente identificar se é apenas uma fase ou se algo realmente precisa mudar no seu trabalho."
Câncer,Carreira,Triste,"O desgaste emocional pode estar afetando sua produtividade. Tire um momento para cuidar da sua saúde mental."
Câncer,Carreira,Triste,"Se sente que está se doando mais do que recebe, talvez seja hora de repensar seu ambiente profissional."
Câncer,Carreira,Triste,"Se as emoções estão interferindo no seu trabalho, tente separar melhor a vida pessoal da profissional."
Câncer,Carreira,Triste,"O medo da mudança pode estar te prendendo em um lugar que não te faz mais feliz. Reflita sobre isso."
Câncer,Carreira,Triste,"Evite guardar ressentimentos no ambiente profissional. Um diálogo pode ser necessário para aliviar tensões."
Câncer,Carreira,Triste,"Se sente perdido(a) na carreira, tente buscar orientação ou conversar com alguém de confiança."
Câncer,Carreira,Triste,"Se o trabalho não está te trazendo satisfação, talvez seja hora de buscar algo que faça mais sentido para você."
Câncer,Carreira,Triste,"Seus sentimentos são válidos, mas não deixe que frustrações momentâneas afetem suas decisões profissionais."
Câncer,Carreira,Triste,"O excesso de preocupação pode estar te impedindo de enxergar novas oportunidades. Tente relaxar um pouco."
Câncer,Saúde,Feliz,"Seu corpo e mente estão em equilíbrio! Continue cuidando de si com amor e atenção."
Câncer,Saúde,Feliz,"Seu instinto de autocuidado está afiado. Siga ouvindo seu corpo e você estará no caminho certo."
Câncer,Saúde,Feliz,"Este é um ótimo momento para investir em hábitos saudáveis. Seu corpo está reagindo positivamente aos cuidados que vem recebendo."
Câncer,Saúde,Feliz,"Seus níveis de energia estão ótimos. Aproveite para manter-se ativo(a) e cuidar da sua saúde física e mental."
Câncer,Saúde,Feliz,"A alimentação equilibrada e os momentos de descanso têm sido seus aliados. Continue nesse ritmo."
Câncer,Saúde,Feliz,"Seu sistema imunológico está forte! Continue se cuidando com alimentos saudáveis e descanso."
Câncer,Saúde,Feliz,"A calma e o equilíbrio emocional estão refletindo positivamente na sua saúde. Aproveite para manter essa paz interior."
Câncer,Saúde,Feliz,"Se sentir vontade de mudar algo, uma rotina de exercícios físicos mais leves pode ser uma ótima opção para seu bem-estar."
Câncer,Saúde,Feliz,"Os cuidados com a saúde mental também são importantes. O equilíbrio entre corpo e mente está te trazendo resultados positivos."
Câncer,Saúde,Feliz,"Continue priorizando o autocuidado. A sensação de estar bem fisicamente também está conectada ao seu estado emocional."
Câncer,Saúde,Normal,"Seu corpo está pedindo mais atenção. Não ignore os sinais de cansaço ou estresse que podem estar acumulando."
Câncer,Saúde,Normal,"É hora de equilibrar os cuidados com o corpo e a mente. Se algo não está 100%, tente ajustar sua rotina."
Câncer,Saúde,Normal,"Seus hábitos estão bem, mas talvez precise de mais energia. Avalie sua alimentação ou sua rotina de descanso."
Câncer,Saúde,Normal,"Se sente que está em uma fase de estabilidade, mas cuidado para não negligenciar a saúde mental."
Câncer,Saúde,Normal,"Se algo está incomodando, não deixe passar. Ouça seu corpo e busque formas de aliviar os pequenos desconfortos."
Câncer,Saúde,Normal,"Os cuidados com o corpo e mente são constantes. Se sentir que algo não está certo, preste atenção e procure ajustar."
Câncer,Saúde,Normal,"A saúde pode estar estável, mas sempre há espaço para pequenas melhorias, como mais descanso ou atividades físicas."
Câncer,Saúde,Normal,"Se sentir-se sobrecarregado(a), busque formas de relaxar. O estresse emocional pode refletir no físico."
Câncer,Saúde,Normal,"Às vezes, você precisa de mais descanso para que sua energia se recupere. Não se cobre por estar sempre no ritmo acelerado."
Câncer,Saúde,Normal,"Se sua saúde mental está afetando seu físico, busque práticas que te tragam calma e equilíbrio."
Câncer,Saúde,Triste,"Seu corpo e mente estão em sintonia, mas talvez você precise de mais cuidado. Tire um tempo para relaxar e ouvir seu corpo."
Câncer,Saúde,Triste,"O estresse acumulado pode estar afetando sua saúde física. Tente encontrar formas de liberar tensões."
Câncer,Saúde,Triste,"Se algo não está funcionando bem, seja no corpo ou na mente, não ignore. Busque ajuda ou procure descansar."
Câncer,Saúde,Triste,"O excesso de preocupações emocionais pode estar impactando seu bem-estar físico. Dê mais atenção ao seu descanso."
Câncer,Saúde,Triste,"Se está se sentindo cansado(a), não é uma fraqueza, mas um sinal do seu corpo pedindo mais cuidado e atenção."
Câncer,Saúde,Triste,"Seu lado emocional pode estar te afetando fisicamente. Procure equilibrar as emoções com práticas de relaxamento."
Câncer,Saúde,Triste,"Se está sentindo desconfortos persistentes, procure atenção médica. Seu corpo precisa de cuidados mais profundos."
Câncer,Saúde,Triste,"Evite sobrecarga emocional. O desgaste físico pode vir de um estresse mental acumulado."
Câncer,Saúde,Triste,"Se a energia está baixa, tente focar em hábitos que recuperem seu vigor, como boas noites de sono e alimentação saudável."
Câncer,Saúde,Triste,"Quando sua saúde mental estiver comprometida, o corpo também sofre. Busque ajuda e cuide-se de dentro para fora."
Câncer,Espiritualidade,Feliz,"A conexão espiritual está forte e traz conforto ao seu coração. Aproveite esse momento para se aprofundar na sua prática."
Câncer,Espiritualidade,Feliz,"Seu espírito está em harmonia. Continue nutrindo sua paz interior com momentos de meditação ou oração."
Câncer,Espiritualidade,Feliz,"Seus sentimentos estão alinhados com seu propósito. Siga sua intuição e confie no caminho que está seguindo."
Câncer,Espiritualidade,Feliz,"Você está se sentindo em paz consigo mesmo(a). Esse é o momento perfeito para fortalecer ainda mais sua conexão espiritual."
Câncer,Espiritualidade,Feliz,"Seus laços emocionais com a família e a casa estão alinhados com sua espiritualidade. Encontre momentos de silêncio e introspecção para se conectar."
Câncer,Espiritualidade,Feliz,"Agora é o momento de se abrir para o universo. A espiritualidade está fluindo com serenidade e clareza em sua vida."
Câncer,Espiritualidade,Feliz,"Use sua intuição para guiar seu caminho espiritual. Sua conexão com o divino está clara e forte neste momento."
Câncer,Espiritualidade,Feliz,"Se sentir vontade de aprofundar sua espiritualidade, explore novas práticas ou filosofias que tragam paz ao seu espírito."
Câncer,Espiritualidade,Feliz,"Suas emoções estão equilibradas, permitindo que sua conexão espiritual se fortaleça. Aproveite esse equilíbrio para buscar mais conhecimento."
Câncer,Espiritualidade,Feliz,"Os rituais de acolhimento e cuidado estão em alta. Se você sentir necessidade, dedique mais tempo para a contemplação e o autocuidado espiritual."
Câncer,Espiritualidade,Normal,"Você está em um momento de introspecção. Sua espiritualidade está estável, mas talvez precise de mais conexão para se aprofundar."
Câncer,Espiritualidade,Normal,"Se sente que sua espiritualidade está um pouco distante, talvez seja hora de retomar práticas que te tragam calma e conforto."
Câncer,Espiritualidade,Normal,"Às vezes, o caminho espiritual precisa de paciência. Não se pressione para encontrar respostas imediatas."
Câncer,Espiritualidade,Normal,"Se sente que algo falta, talvez seja necessário olhar para dentro e encontrar o que realmente te traz paz e conexão espiritual."
Câncer,Espiritualidade,Normal,"Seu lado emocional pode estar interferindo um pouco na sua busca espiritual. Busque o equilíbrio entre coração e mente."
Câncer,Espiritualidade,Normal,"Busque novos métodos de conexão espiritual. Às vezes, um pequeno ajuste na rotina pode trazer novas revelações."
Câncer,Espiritualidade,Normal,"Os sinais do universo podem estar ao seu redor, mas você precisa estar mais atento(a) para reconhecê-los."
Câncer,Espiritualidade,Normal,"Se está se sentindo desconectado(a), tente voltar ao que te traz paz, como a natureza ou momentos tranquilos em casa."
Câncer,Espiritualidade,Normal,"Às vezes, a espiritualidade não exige ação imediata, apenas paciência e confiança no processo."
Câncer,Espiritualidade,Normal,"Se sentir necessidade de explorar algo novo, abra-se para práticas espirituais que possam te ajudar a encontrar o equilíbrio."
Câncer,Espiritualidade,Triste,"Se sente desconectado(a) espiritualmente, talvez seja hora de rever suas práticas e buscar mais autoconhecimento."
Câncer,Espiritualidade,Triste,"O medo pode estar te afastando da sua verdadeira conexão espiritual. Liberte-se de medos e crenças limitantes."
Câncer,Espiritualidade,Triste,"Se a ansiedade ou o estresse estiverem afetando sua espiritualidade, procure práticas que acalmem sua mente e tragam equilíbrio."
Câncer,Espiritualidade,Triste,"Às vezes, a confusão interna pode bloquear seu caminho espiritual. Busque momentos de introspecção para encontrar clareza."
Câncer,Espiritualidade,Triste,"Se as dúvidas estão te dominando, permita-se descansar. A espiritualidade é sobre confiar e não forçar respostas."
Câncer,Espiritualidade,Triste,"Evite a sobrecarga emocional. O estresse pode te afastar da serenidade necessária para uma conexão espiritual mais profunda."
Câncer,Espiritualidade,Triste,"Se está se sentindo perdido(a), busque o apoio de pessoas que compartilham crenças semelhantes. O acolhimento pode ser o que você precisa."
Câncer,Espiritualidade,Triste,"A espiritualidade também precisa de equilíbrio. Tente não se cobrar tanto e permitir que as respostas venham naturalmente."
Câncer,Espiritualidade,Triste,"Se está se sentindo isolado(a) espiritualmente, é um bom momento para se reconectar com suas raízes e crenças."
Câncer,Espiritualidade,Triste,"Não tenha medo de olhar para dentro de si. A resposta para sua paz espiritual está mais próxima do que imagina."